INTERNAL_MID	LOGIN_NAME	COMPUTER_NAME	MACHINE_ID	DEPARTMENT_NAME	COLLECTED_SW_NAME	LAST_EXECUTION
D09466E568CB5F0A870A1538	administrador       	W2006DESK110	D09466E568CB5F0A870A1538	SEM DEPARTAMENTO	MICROSOFT 365 - EN-US	18/02/2025
D09466E568CB5F0A870A1538	administrador       	W2006DESK110	D09466E568CB5F0A870A1538	SEM DEPARTAMENTO	MICROSOFT 365 - ES-ES	null
D09466E568CB5F0A870A1538	administrador       	W2006DESK110	D09466E568CB5F0A870A1538	SEM DEPARTAMENTO	MICROSOFT 365 - FR-FR	null
D09466E568CB5F0A870A1538	administrador       	W2006DESK110	D09466E568CB5F0A870A1538	SEM DEPARTAMENTO	MICROSOFT 365 - PT-BR	null
D09466E568A6F435B432151A	Administrador       	W2006DESK133	D09466E568A6F435B432151A	SEM DEPARTAMENTO	MICROSOFT 365 - EN-US	18/02/2025
D09466E568AA833284A4152B	Administrador       	W2006DESK132	D09466E568AA833284A4152B	SEM DEPARTAMENTO	MICROSOFT 365 - EN-US	18/02/2025
D09466E569AD6D3CE5881555	Administrador       	W2006DESK130	D09466E569AD6D3CE5881555	SEM DEPARTAMENTO	MICROSOFT 365 - EN-US	22/01/2025
D09466E56B697E57101A1505	Administrador       	W2006DESK171	D09466E56B697E57101A1505	SEM DEPARTAMENTO	MICROSOFT 365 - EN-US	18/02/2025
D09466E568A6F435B432151A	Administrador       	W2006DESK133	D09466E568A6F435B432151A	SEM DEPARTAMENTO	MICROSOFT 365 - ES-ES	null
D09466E568AA833284A4152B	Administrador       	W2006DESK132	D09466E568AA833284A4152B	SEM DEPARTAMENTO	MICROSOFT 365 - ES-ES	null
D09466E569AD6D3CE5881555	Administrador       	W2006DESK130	D09466E569AD6D3CE5881555	SEM DEPARTAMENTO	MICROSOFT 365 - ES-ES	null
D09466E56B697E57101A1505	Administrador       	W2006DESK171	D09466E56B697E57101A1505	SEM DEPARTAMENTO	MICROSOFT 365 - ES-ES	null
D09466E568A6F435B432151A	Administrador       	W2006DESK133	D09466E568A6F435B432151A	SEM DEPARTAMENTO	MICROSOFT 365 - FR-FR	null
D09466E568AA833284A4152B	Administrador       	W2006DESK132	D09466E568AA833284A4152B	SEM DEPARTAMENTO	MICROSOFT 365 - FR-FR	null
D09466E569AD6D3CE5881555	Administrador       	W2006DESK130	D09466E569AD6D3CE5881555	SEM DEPARTAMENTO	MICROSOFT 365 - FR-FR	null
D09466E56B697E57101A1505	Administrador       	W2006DESK171	D09466E56B697E57101A1505	SEM DEPARTAMENTO	MICROSOFT 365 - FR-FR	null
D09466E568A6F435B432151A	Administrador       	W2006DESK133	D09466E568A6F435B432151A	SEM DEPARTAMENTO	MICROSOFT 365 - PT-BR	null
D09466E568AA833284A4152B	Administrador       	W2006DESK132	D09466E568AA833284A4152B	SEM DEPARTAMENTO	MICROSOFT 365 - PT-BR	null
D09466E569AD6D3CE5881555	Administrador       	W2006DESK130	D09466E569AD6D3CE5881555	SEM DEPARTAMENTO	MICROSOFT 365 - PT-BR	null
D09466E56B697E57101A1505	Administrador       	W2006DESK171	D09466E56B697E57101A1505	SEM DEPARTAMENTO	MICROSOFT 365 - PT-BR	null
4CD717634632E1D0D3451551	bruc_martins        	WN094TI007	    4CD717634632E1D0D3451551	CDS	                MICROSOFT 365 - EN-US	17/02/2025
4CD717634632E1D0D3451551	bruc_martins        	WN094TI007	    4CD717634632E1D0D3451551	CDS	                MICROSOFT 365 - ES-ES	null
4CD717634632E1D0D3451551	bruc_martins        	WN094TI007	    4CD717634632E1D0D3451551	CDS	                MICROSOFT 365 - FR-FR	null
4CD717634632E1D0D3451551	bruc_martins        	WN094TI007	    4CD717634632E1D0D3451551	CDS	                MICROSOFT 365 - PT-BR	null
D09466E56905BC19E6EC153B	caixa.ext.trf06     	W2006DESK147	D09466E56905BC19E6EC153B	SEM DEPARTAMENTO	MICROSOFT 365 - EN-US	17/02/2025
D09466E56905BC19E6EC153B	caixa.ext.trf06     	W2006DESK147	D09466E56905BC19E6EC153B	SEM DEPARTAMENTO	MICROSOFT 365 - ES-ES	null
D09466E56905BC19E6EC153B	caixa.ext.trf06     	W2006DESK147	D09466E56905BC19E6EC153B	SEM DEPARTAMENTO	MICROSOFT 365 - FR-FR	null
D09466E56905BC19E6EC153B	caixa.ext.trf06     	W2006DESK147	D09466E56905BC19E6EC153B	SEM DEPARTAMENTO	MICROSOFT 365 - PT-BR	null
D09466E56B589C861BCB153A	caixa.ext.trf07     	W2006DESK026	D09466E56B589C861BCB153A	CDS	                MICROSOFT 365 - EN-US	16/02/2025
D09466E56B589C861BCB153A	caixa.ext.trf07     	W2006DESK026	D09466E56B589C861BCB153A	CDS	                MICROSOFT 365 - ES-ES	null
D09466E56B589C861BCB153A	caixa.ext.trf07     	W2006DESK026	D09466E56B589C861BCB153A	CDS	                MICROSOFT 365 - FR-FR	null
D09466E56B589C861BCB153A	caixa.ext.trf07     	W2006DESK026	D09466E56B589C861BCB153A	CDS	                MICROSOFT 365 - PT-BR	null
D09466E5690B521787C0152A	caixa.ext.trf11     	W2006DESK145	D09466E5690B521787C0152A	SEM DEPARTAMENTO	MICROSOFT 365 - EN-US	18/02/2025
D09466E5690B521787C0152A	caixa.ext.trf11     	W2006DESK145	D09466E5690B521787C0152A	SEM DEPARTAMENTO	MICROSOFT 365 - ES-ES	null
D09466E5690B521787C0152A	caixa.ext.trf11     	W2006DESK145	D09466E5690B521787C0152A	SEM DEPARTAMENTO	MICROSOFT 365 - FR-FR	null
D09466E567B1B104E6261538	caixa.ext04         	W2006DESK112	D09466E567B1B104E6261538	SEM DEPARTAMENTO	MICROSOFT 365 - EN-US	18/02/2025
D09466E567B1B104E6261538	caixa.ext04         	W2006DESK112	D09466E567B1B104E6261538	SEM DEPARTAMENTO	MICROSOFT 365 - ES-ES	null
D09466E567B1B104E6261538	caixa.ext04         	W2006DESK112	D09466E567B1B104E6261538	SEM DEPARTAMENTO	MICROSOFT 365 - FR-FR	null
D09466E567B1B104E6261538	caixa.ext04         	W2006DESK112	D09466E567B1B104E6261538	SEM DEPARTAMENTO	MICROSOFT 365 - PT-BR	null
D09466E568E46A5121911553	caixa.ext05         	W2006DESK134	D09466E568E46A5121911553	SEM DEPARTAMENTO	MICROSOFT 365 - EN-US	18/02/2025
D09466E568E46A5121911553	caixa.ext05         	W2006DESK134	D09466E568E46A5121911553	SEM DEPARTAMENTO	MICROSOFT 365 - ES-ES	null
D09466E568E46A5121911553	caixa.ext05         	W2006DESK134	D09466E568E46A5121911553	SEM DEPARTAMENTO	MICROSOFT 365 - FR-FR	null
D09466E568E46A5121911553	caixa.ext05         	W2006DESK134	D09466E568E46A5121911553	SEM DEPARTAMENTO	MICROSOFT 365 - PT-BR	null
D09466E56B5A4B0CB6811552	caixa.ext06         	W2006DESK155	D09466E56B5A4B0CB6811552	SEM DEPARTAMENTO	MICROSOFT 365 - EN-US	18/02/2025
D09466E56B5A4B0CB6811552	caixa.ext06         	W2006DESK155	D09466E56B5A4B0CB6811552	SEM DEPARTAMENTO	MICROSOFT 365 - ES-ES	null
D09466E56B5A4B0CB6811552	caixa.ext06         	W2006DESK155	D09466E56B5A4B0CB6811552	SEM DEPARTAMENTO	MICROSOFT 365 - FR-FR	null
D09466E56B5A4B0CB6811552	caixa.ext06         	W2006DESK155	D09466E56B5A4B0CB6811552	SEM DEPARTAMENTO	MICROSOFT 365 - PT-BR	null
D09466E567B02F607385155B	caixa.ext07         	W2006DESK115	D09466E567B02F607385155B	SEM DEPARTAMENTO	MICROSOFT 365 - EN-US	18/02/2025
D09466E567B02F607385155B	caixa.ext07         	W2006DESK115	D09466E567B02F607385155B	SEM DEPARTAMENTO	MICROSOFT 365 - ES-ES	null
D09466E567B02F607385155B	caixa.ext07         	W2006DESK115	D09466E567B02F607385155B	SEM DEPARTAMENTO	MICROSOFT 365 - FR-FR	null
D09466E567B02F607385155B	caixa.ext07         	W2006DESK115	D09466E567B02F607385155B	SEM DEPARTAMENTO	MICROSOFT 365 - PT-BR	null
D09466E569B87427D4C9151D	caixa.ext09         	W2006DESK120	D09466E569B87427D4C9151D	SEM DEPARTAMENTO	MICROSOFT 365 - EN-US	18/02/2025
D09466E569B87427D4C9151D	caixa.ext09         	W2006DESK120	D09466E569B87427D4C9151D	SEM DEPARTAMENTO	MICROSOFT 365 - ES-ES	null
D09466E569B87427D4C9151D	caixa.ext09         	W2006DESK120	D09466E569B87427D4C9151D	SEM DEPARTAMENTO	MICROSOFT 365 - FR-FR	null
D09466E569B87427D4C9151D	caixa.ext09         	W2006DESK120	D09466E569B87427D4C9151D	SEM DEPARTAMENTO	MICROSOFT 365 - PT-BR	null
D09466E5689A280DB79C155D	caixa.ext10         	W2006DESK111	D09466E5689A280DB79C155D	SEM DEPARTAMENTO	MICROSOFT 365 - EN-US	18/02/2025
D09466E5689A280DB79C155D	caixa.ext10         	W2006DESK111	D09466E5689A280DB79C155D	SEM DEPARTAMENTO	MICROSOFT 365 - ES-ES	null
D09466E5689A280DB79C155D	caixa.ext10         	W2006DESK111	D09466E5689A280DB79C155D	SEM DEPARTAMENTO	MICROSOFT 365 - FR-FR	null
D09466E5689A280DB79C155D	caixa.ext10         	W2006DESK111	D09466E5689A280DB79C155D	SEM DEPARTAMENTO	MICROSOFT 365 - PT-BR	null
D09466E4DB4FC603D6B01513	caixa.ext11         	W2006DESK113	D09466E4DB4FC603D6B01513	SEM DEPARTAMENTO	MICROSOFT 365 - EN-US	18/02/2025
D09466E4DB4FC603D6B01513	caixa.ext11         	W2006DESK113	D09466E4DB4FC603D6B01513	SEM DEPARTAMENTO	MICROSOFT 365 - ES-ES	null
D09466E4DB4FC603D6B01513	caixa.ext11         	W2006DESK113	D09466E4DB4FC603D6B01513	SEM DEPARTAMENTO	MICROSOFT 365 - FR-FR	null
D09466E4DB4FC603D6B01513	caixa.ext11         	W2006DESK113	D09466E4DB4FC603D6B01513	SEM DEPARTAMENTO	MICROSOFT 365 - PT-BR	null
D09466E56915ED2E85731553	caixa.ext12         	W2006DESK123	D09466E56915ED2E85731553	SEM DEPARTAMENTO	MICROSOFT 365 - EN-US	17/02/2025
D09466E56915ED2E85731553	caixa.ext12         	W2006DESK123	D09466E56915ED2E85731553	SEM DEPARTAMENTO	MICROSOFT 365 - ES-ES	null
D09466E56915ED2E85731553	caixa.ext12         	W2006DESK123	D09466E56915ED2E85731553	SEM DEPARTAMENTO	MICROSOFT 365 - FR-FR	null
D09466E56915ED2E85731553	caixa.ext12         	W2006DESK123	D09466E56915ED2E85731553	SEM DEPARTAMENTO	MICROSOFT 365 - PT-BR	null
D09466E5689DC16E12A91503	caixa.ext13         	W2006DESK117	D09466E5689DC16E12A91503	SEM DEPARTAMENTO	MICROSOFT 365 - EN-US	17/02/2025
D09466E5689DC16E12A91503	caixa.ext13         	W2006DESK117	D09466E5689DC16E12A91503	SEM DEPARTAMENTO	MICROSOFT 365 - ES-ES	null
D09466E5689DC16E12A91503	caixa.ext13         	W2006DESK117	D09466E5689DC16E12A91503	SEM DEPARTAMENTO	MICROSOFT 365 - FR-FR	null
D09466E5689DC16E12A91503	caixa.ext13         	W2006DESK117	D09466E5689DC16E12A91503	SEM DEPARTAMENTO	MICROSOFT 365 - PT-BR	null
D09466E56B4C586743131552	caixa.ext15         	W2006DESK114	D09466E56B4C586743131552	SEM DEPARTAMENTO	MICROSOFT 365 - EN-US	18/02/2025
D09466E56B4C586743131552	caixa.ext15         	W2006DESK114	D09466E56B4C586743131552	SEM DEPARTAMENTO	MICROSOFT 365 - ES-ES	null
D09466E56B4C586743131552	caixa.ext15         	W2006DESK114	D09466E56B4C586743131552	SEM DEPARTAMENTO	MICROSOFT 365 - FR-FR	null
D09466E56B4C586743131552	caixa.ext15         	W2006DESK114	D09466E56B4C586743131552	SEM DEPARTAMENTO	MICROSOFT 365 - PT-BR	null
D09466E568C3EA43416A1543	caixa.ext17         	W2006DESK127	D09466E568C3EA43416A1543	SEM DEPARTAMENTO	MICROSOFT 365 - EN-US	18/02/2025
D09466E568C3EA43416A1543	caixa.ext17         	W2006DESK127	D09466E568C3EA43416A1543	SEM DEPARTAMENTO	MICROSOFT 365 - ES-ES	null
D09466E568C3EA43416A1543	caixa.ext17         	W2006DESK127	D09466E568C3EA43416A1543	SEM DEPARTAMENTO	MICROSOFT 365 - FR-FR	null
D09466E568C3EA43416A1543	caixa.ext17         	W2006DESK127	D09466E568C3EA43416A1543	SEM DEPARTAMENTO	MICROSOFT 365 - PT-BR	null
D09466E569AE0320E45F1506	caixa.ext18         	W2006DESK121	D09466E569AE0320E45F1506	SEM DEPARTAMENTO	MICROSOFT 365 - EN-US	18/02/2025
D09466E569AE0320E45F1506	caixa.ext18         	W2006DESK121	D09466E569AE0320E45F1506	SEM DEPARTAMENTO	MICROSOFT 365 - ES-ES	null
D09466E569AE0320E45F1506	caixa.ext18         	W2006DESK121	D09466E569AE0320E45F1506	SEM DEPARTAMENTO	MICROSOFT 365 - FR-FR	null
D09466E569AE0320E45F1506	caixa.ext18         	W2006DESK121	D09466E569AE0320E45F1506	SEM DEPARTAMENTO	MICROSOFT 365 - PT-BR	null
D09466E568D2AF72137E1506	caixa.ext19         	W2006DESK106	D09466E568D2AF72137E1506	SEM DEPARTAMENTO	MICROSOFT 365 - EN-US	18/02/2025
D09466E568D2AF72137E1506	caixa.ext19         	W2006DESK106	D09466E568D2AF72137E1506	SEM DEPARTAMENTO	MICROSOFT 365 - ES-ES	null
D09466E568D2AF72137E1506	caixa.ext19         	W2006DESK106	D09466E568D2AF72137E1506	SEM DEPARTAMENTO	MICROSOFT 365 - FR-FR	null
D09466E568D2AF72137E1506	caixa.ext19         	W2006DESK106	D09466E568D2AF72137E1506	SEM DEPARTAMENTO	MICROSOFT 365 - PT-BR	null
D09466E5692326D63FAE154E	caixa.ext20         	W2006DESK119	D09466E5692326D63FAE154E	SEM DEPARTAMENTO	MICROSOFT 365 - ES-ES	17/02/2025
D09466E568D40DFB6C6D150B	caixa.ext22         	W2006DESK129	D09466E568D40DFB6C6D150B	SEM DEPARTAMENTO	MICROSOFT 365 - EN-US	18/02/2025
D09466E568D40DFB6C6D150B	caixa.ext22         	W2006DESK129	D09466E568D40DFB6C6D150B	SEM DEPARTAMENTO	MICROSOFT 365 - ES-ES	null
D09466E568D40DFB6C6D150B	caixa.ext22         	W2006DESK129	D09466E568D40DFB6C6D150B	SEM DEPARTAMENTO	MICROSOFT 365 - FR-FR	null
D09466E568D40DFB6C6D150B	caixa.ext22         	W2006DESK129	D09466E568D40DFB6C6D150B	SEM DEPARTAMENTO	MICROSOFT 365 - PT-BR	null
D09466E568E551D10F381556	caixa.ext23         	W2006DESK118	D09466E568E551D10F381556	SEM DEPARTAMENTO	MICROSOFT 365 - EN-US	17/02/2025
D09466E568E551D10F381556	caixa.ext23         	W2006DESK118	D09466E568E551D10F381556	SEM DEPARTAMENTO	MICROSOFT 365 - ES-ES	null
D09466E568E551D10F381556	caixa.ext23         	W2006DESK118	D09466E568E551D10F381556	SEM DEPARTAMENTO	MICROSOFT 365 - FR-FR	null
D09466E568E551D10F381556	caixa.ext23         	W2006DESK118	D09466E568E551D10F381556	SEM DEPARTAMENTO	MICROSOFT 365 - PT-BR	null
D09466E569AC734A10D01524	caixa.ext24         	W2006DESK124	D09466E569AC734A10D01524	SEM DEPARTAMENTO	MICROSOFT 365 - EN-US	18/02/2025
D09466E569AC734A10D01524	caixa.ext24         	W2006DESK124	D09466E569AC734A10D01524	SEM DEPARTAMENTO	MICROSOFT 365 - ES-ES	null
D09466E569AC734A10D01524	caixa.ext24         	W2006DESK124	D09466E569AC734A10D01524	SEM DEPARTAMENTO	MICROSOFT 365 - FR-FR	null
D09466E569AC734A10D01524	caixa.ext24         	W2006DESK124	D09466E569AC734A10D01524	SEM DEPARTAMENTO	MICROSOFT 365 - PT-BR	null
EC5C68783788582B24211531	clw_junior          	WN2650LOG036	EC5C68783788582B24211531	SEM DEPARTAMENTO	MICROSOFT 365 - PT-BR	03/02/2025
2CDB07E49D544AEFC62F1512	eg_pacheco          	WN300LOG537	    2CDB07E49D544AEFC62F1512	CDS	                MICROSOFT 365 - PT-BR	17/02/2025
C0B5D7EDBE62A6E6ED8D153E	gustavodamiao       	NB-SBDEV-1241	C0B5D7EDBE62A6E6ED8D153E	SEM DEPARTAMENTO	MICROSOFT 365 - PT-BR	20/11/2024
5CCD5BB4B3D8261140A11506	jo_kogute           	WN2900LOG030	5CCD5BB4B3D8261140A11506	CDS	                MICROSOFT 365 - PT-BR	24/01/2025
D09466E568E8845F40BD1514	mayk.turela         	W2006DESK136	D09466E568E8845F40BD1514	SEM DEPARTAMENTO	MICROSOFT 365 - ES-ES	16/02/2025
7486E2F894F5202C41081525	mezanino550         	W550MEZ01	    7486E2F894F5202C41081525	CDS	                MICROSOFT 365 - PT-BR	18/02/2025
CCD9AC213EF49C0FD0E01510	moh_neto            	WN2500LOG001	CCD9AC213EF49C0FD0E01510	CDS	                MICROSOFT 365	        null
EC2E9818544E11D5854C1550	Magalu	                WN6011-6CCOPAUC	EC2E9818544E11D5854C1550	SEM DEPARTAMENTO	MICROSOFT 365 - PT-BR	22/01/2025
D09466E57DD493374FA91519	ponto550            	W550REC24	    D09466E57DD493374FA91519	CDS	                MICROSOFT 365 - EN-US	18/02/2025
D09466E57DD493374FA91519	ponto550            	W550REC24	    D09466E57DD493374FA91519	CDS	                MICROSOFT 365 - ES-ES	null
D09466E57DD493374FA91519	ponto550            	W550REC24	    D09466E57DD493374FA91519	CDS	                MICROSOFT 365 - FR-FR	null
7486E2F88F58D673CE871533	ponto550            	W550ADM033	    7486E2F88F58D673CE871533	CDS	                MICROSOFT 365 - PT-BR	17/02/2025
7486E2F896EB65C3B8301531	ponto550            	W550PNT01	    7486E2F896EB65C3B8301531	CDS	                MICROSOFT 365 - PT-BR	18/02/2025
D09466E57DD493374FA91519	ponto550            	W550REC24	    D09466E57DD493374FA91519	CDS	                MICROSOFT 365 - PT-BR	null
4CD7174EBBF781625D1F1546	slima.gabriel       	WN300GFL080	    4CD7174EBBF781625D1F1546	CDS	                MICROSOFT 365 APPS PARA GRANDES EMPRESAS - PT-BR	18/02/2025
C025A52D95BDF099D2191560	tuan_santos         	WN300LOG251	    C025A52D95BDF099D2191560	CDS	                MICROSOFT 365 - PT-BR	18/02/2025
