INTERNAL_MID,COMPUTER_NAME,MACHINE_ID,DEPARTMENT_NAME,COLLECTED_SW_NAME,HOMOLOGATION_STATUS
00090FFE0001207ED5D11538,WN1099CSC296,00090FFE0001207ED5D11538,ESCRITORIOS CENTRAIS,MICROSOFT OFFICE PROFESSIONAL PLUS 2019 - PT-BR,homologated
00BE433414DD81E03E97150A,WN1099HB214,00BE433414DD81E03E97150A,ESCRITORIOS CENTRAIS,MICROSOFT OFFICE STANDARD 2019 - PT-BR,homologated
B07B25763641D6F504771551,WN1099LABS1017,B07B25763641D6F504771551,ESCRITORIOS CENTRAIS,MICROSOFT EXCEL 2019 - PT-BR,homologated
34735AACD601C2F335FC152F,WN1099LABS1052,34735AACD601C2F335FC152F,ESCRITORIOS CENTRAIS,MICROSOFT EXCEL 2019 - PT-BR,homologated
B07B25768D66B5F4056A154E,WN1099LABS1053,B07B25768D66B5F4056A154E,ESCRITORIOS CENTRAIS,MICROSOFT EXCEL 2019 - PT-BR,homologated
B07B257624631FBC25181505,WN1099LABS10711,B07B257624631FBC25181505,ESCRITORIOS CENTRAIS,MICROSOFT EXCEL 2019 - PT-BR,homologated
B4450645E0B1593D6E791525,WN1099LABS4228,B4450645E0B1593D6E791525,ESCRITORIOS CENTRAIS,MICROSOFT EXCEL 2019 - PT-BR,homologated
8C8D283A55DDDCD11700154C,WN1099LABS513,8C8D283A55DDDCD11700154C,ESCRITORIOS CENTRAIS,MICROSOFT EXCEL 2019 - PT-BR,homologated
641C67C541C6939081C7151E,WN1099LABS563,641C67C541C6939081C7151E,ESCRITORIOS CENTRAIS,MICROSOFT EXCEL 2019 - PT-BR,homologated
8C47BE174FED2E255776154A,WN1099MTG020,8C47BE174FED2E255776154A,ESCRITORIOS CENTRAIS,MICROSOFT OFFICE STANDARD 2019 - EN-US.PROOF,homologated
8C47BE174FED2E255776154A,WN1099MTG020,8C47BE174FED2E255776154A,ESCRITORIOS CENTRAIS,MICROSOFT OFFICE STANDARD 2019 - PT-BR,homologated
8C47BE259D5CC746F2431546,WN1099MTG026,8C47BE259D5CC746F2431546,ESCRITORIOS CENTRAIS,MICROSOFT OFFICE STANDARD 2019 - EN-US.PROOF,homologated
8C47BE259D5CC746F2431546,WN1099MTG026,8C47BE259D5CC746F2431546,ESCRITORIOS CENTRAIS,MICROSOFT OFFICE STANDARD 2019 - PT-BR,homologated
34735AF0AA93D340C3C81514,WN1099MTG063,34735AF0AA93D340C3C81514,ESCRITORIOS CENTRAIS,MICROSOFT OFFICE STANDARD 2019 - PT-BR,homologated
D09466B4B141A32A37471513,WN1099MTG066,D09466B4B141A32A37471513,ESCRITORIOS CENTRAIS,MICROSOFT OFFICE STANDARD 2019 - PT-BR,homologated
00D76D07FE68204874001537,WN1099RES1210,00D76D07FE68204874001537,ESCRITORIOS CENTRAIS,MICROSOFT OFFICE STANDARD 2019 - PT-BR,homologated
0068EBFD596F29A6BA2A154D,WN1099SAC669,0068EBFD596F29A6BA2A154D,ESCRITORIOS CENTRAIS,MICROSOFT EXCEL 2019 - PT-BR,homologated
C4CBE11FD0E1EB8EDE74153E,WN300DEL044,C4CBE11FD0E1EB8EDE74153E,CDS,MICROSOFT EXCEL 2019 - PT-BR,homologated
60C727100FD4140C5FE6152D,WN300PE0CJFYS,60C727100FD4140C5FE6152D,CDS,MICROSOFT EXCEL 2019 - PT-BR,homologated
541379ED494C6219CE20152E,WNEC-3GHN0L2,541379ED494C6219CE20152E,ESCRITORIOS CENTRAIS,MICROSOFT EXCEL 2019 - PT-BR,homologated
34C93DFED86843CDAA5A151C,WNEC-59Q9D73,34C93DFED86843CDAA5A151C,ESCRITORIOS CENTRAIS,MICROSOFT EXCEL 2019 - PT-BR,homologated
8C47BE1744F95CA24B711537,WNEC-5FRQ973,8C47BE1744F95CA24B711537,ESCRITORIOS CENTRAIS,MICROSOFT EXCEL 2019 - PT-BR,homologated
AC1A3DAC9C593F12F0A81542,WNEC-6804DZ3,AC1A3DAC9C593F12F0A81542,ESCRITORIOS CENTRAIS,MICROSOFT OFFICE STANDARD 2019 - PT-BR,homologated
4CD7175CD42F5E058AC11557,WNEC-C4GS814,4CD7175CD42F5E058AC11557,ESCRITORIOS CENTRAIS,MICROSOFT EXCEL 2019 - PT-BR,homologated
641C67AB148828DA02DC1527,WNEC-PE04V5WA,641C67AB148828DA02DC1527,ESCRITORIOS CENTRAIS,MICROSOFT OFFICE STANDARD 2019 - PT-BR,homologated