Licenças,Quantidade de licenças
Microsoft Excel 2007,11
Microsoft Excel 2010,154
Microsoft Excel 2013,0
Microsoft Excel 2016,210
Microsoft Excel 2019,722
Microsoft Excel 2021 LTSC,822
Microsoft Office Professional Plus 2007,49
Microsoft Office Professional Plus 2010,179
Microsoft Office Professional Plus 2013,112
Microsoft Office Professional Plus 2016,55
Microsoft Office Professional Plus 2019,49
Microsoft Office LTSC Professional Plus 2021,23
Microsoft Office Standard 2007,523
Microsoft Office Standard 2010,803
Microsoft Office Standard 2013,974
Microsoft Office Standard 2016,80
Microsoft Office Standard 2019,187
Microsoft Office LTSC Standard 2021,109
Total,5062