Filas;Drivers
IMP_300_EST21_NF1;Generic / Text Only
IMP_300_EST21_PRES1;Generic / Text Only
IMP_300_EST22_PRES1;Generic / Text Only
IMP_300_EST22_REL_01;Generic / Text Only
IMP_300_EST23_ETQ1;Generic / Text Only
IMP_300_EST23_REL_01;Generic / Text Only
IMP_300_EST24_ETQ1;Generic / Text Only
IMP_300_EST24_NF1;Generic / Text Only
IMP_300_EST24_PRES1;Generic / Text Only
IMP_300_EST24_REL_01;Generic / Text Only
IMP_300_EST25_ETQ1;Generic / Text Only
IMP_300_EST25_NF1;Generic / Text Only
IMP_300_EST25_PRES1;Generic / Text Only
IMP_300_EST25_REL_01;Generic / Text Only
IMP_300_EST26_ETQ1;Generic / Text Only
IMP_300_EST26_NF1;Generic / Text Only
IMP_300_EST27_REL_01;Generic / Text Only
IMP_300_EST28_PRES1;Generic / Text Only
IMP_300_EST28_REL_01;Generic / Text Only
IMP_300_EST29_NF1;Generic / Text Only
IMP_300_EST29_PRES1;Generic / Text Only
IMP_300_EST29_REL_01;Generic / Text Only
IMP_300_EST30_ETQ1;Generic / Text Only
IMP_300_EST33_REL_01;Generic / Text Only
IMP_300_EST34_ETQ1;Generic / Text Only
IMP_300_EST34_NF1;Generic / Text Only
IMP_300_EST34_PRES1;Generic / Text Only
IMP_300_EST34_REL_01;Generic / Text Only
IMP_300_EST35_ETQ1;Generic / Text Only
IMP_490_TI_ETQ_01;Generic / Text Only
IMP_5100_CONF_ETQ_04;Generic / Text Only
IMP_5100_CONF_ETQ_05;Generic / Text Only
IMP_5100_CONF_ETQ_06;Generic / Text Only
IMP_5100_CONF_ETQ_07;Generic / Text Only
IMP_5100_CONF_ETQ_08;Generic / Text Only
IMP_5100_CONF_ETQ_09;Generic / Text Only
IMP_5100_CONF_ETQ_10;Generic / Text Only
IMP_5100_CONF_ETQ_11;Generic / Text Only
IMP_5100_CONF_ETQ_12;Generic / Text Only
IMP_5100_CONF_ETQ_13;Generic / Text Only
IMP_5100_CONF_ETQ_18;Generic / Text Only
IMP_5100_CONF_ETQ_19;Generic / Text Only
IMP_5100_CONF_ETQ_20;Generic / Text Only
IMP_5100_CONF_ETQ_21;Generic / Text Only
IMP_5100_CONF_ETQ_22;Generic / Text Only
IMP_5100_CONF_ETQ_23;Generic / Text Only
IMP_5100_CONF_ETQ_24;Generic / Text Only
IMP_5100_CONF_ETQ_25;Generic / Text Only
IMP_5100_CONF_ETQ_26;Generic / Text Only
IMP_5100_CONF_ETQ_27;Generic / Text Only
IMP_5100_DQS_ETQ_01;Generic / Text Only
IMP_5100_DQS_ETQ_02;Generic / Text Only
IMP_5100_EXP_ETQ_01;Generic / Text Only
IMP_5100_EXP_ETQ_02;Generic / Text Only
IMP_5100_FAT_ETQ_01;Generic / Text Only
IMP_5100_FAT_ETQ_02;Generic / Text Only
IMP_5100_NFE_ETQ1;Generic / Text Only
IMP_5100_REC_ETQ_01;Generic / Text Only
IMP_5100_REC_ETQ_02;Generic / Text Only
IMP_5100_TI_ETQ_01;Generic / Text Only
IMP_5200_CONF_ETQ_02;Generic / Text Only
IMP_5200_CONF_ETQ_03;Generic / Text Only
IMP_5200_CONF_ETQ_04;Generic / Text Only
IMP_5200_CONF_ETQ_05;Generic / Text Only
IMP_5200_CONF_ETQ_06;Generic / Text Only
IMP_5200_CONF_ETQ_07;Generic / Text Only
IMP_5200_CONF_ETQ_08;Generic / Text Only
IMP_5200_CONF_ETQ_09;Generic / Text Only
IMP_5200_CONF_ETQ_10;Generic / Text Only
IMP_590_REC_ETQ_02;Generic / Text Only
IMP_590_REC_ETQ_03;Generic / Text Only
IMP_590_REC_REL_01;Generic / Text Only
IMP_590_REC_REL_02;Generic / Text Only
IMP_590_REC_REL_03;Generic / Text Only
IMP_590_RH_REL_01;Generic / Text Only
IMP_590_SEG_REL_01;Generic / Text Only
IMP_590_SEG_REL_02;Generic / Text Only
IMP_590_SUP_ETQ_01;Generic / Text Only
IMP_590_SUP_REL_01;Generic / Text Only
IMP_590_TI_ETQ_01;Generic / Text Only
IMP_590_TI_REL_01;Generic / Text Only
IMP_590_TRA_REL_01;Generic / Text Only
IMP_6001_LOGBEE_01;Generic / Text Only
IMP_650_EXP_ETQ_01;Generic / Text Only
IMP_650_FAT_NF1;Generic / Text Only
IMP_650_FAT_REL_01;Generic / Text Only
IMP_6910_CTE_ETQ_01;Generic / Text Only
IMP_991_EST08_ETQ1;Generic / Text Only