Filas;Permissoes
IMP_1800_ADM_REL_01;"magazineluiza\GIMP_CD1800_ADM"
IMP_1800_EST01_REL_01;"magazineluiza\GIMP_CD1800_COURRIER"
IMP_1800_EST01_NF1;"magazineluiza\GIMP_CD1800_COURRIER"
IMP_1800_EST01_PRES1;"magazineluiza\GIMP_CD1800_COURRIER"
IMP_1800_EST01_ETQ1;"magazineluiza\GIMP_CD1800_COURRIER"
IMP_1800_EST02_REL_01;"magazineluiza\GIMP_CD1800_COURRIER"
IMP_1800_EST02_NF1;"magazineluiza\GIMP_CD1800_COURRIER"
IMP_1800_EST02_PRES1;"magazineluiza\GIMP_CD1800_COURRIER"
IMP_1800_EST02_ETQ1;"magazineluiza\GIMP_CD1800_COURRIER"
IMP_1800_CTE_REL_01;"magazineluiza\GIMP_CD1800_CTE"
IMP_1800_CTE_NF1;"magazineluiza\GIMP_CD1800_CTE"
IMP_1800_CTE_ETQ_01;"magazineluiza\GIMP_CD1800_CTE"
IMP_1800_CTE_REL_01;"magazineluiza\GIMP_CD1800_CTE"
IMP_1800_CTE_NF1;"magazineluiza\GIMP_CD1800_CTE"
IMP_1800_CTE_ETQ_01;"magazineluiza\GIMP_CD1800_CTE"
IMP_1800_CTE_REL_01;"magazineluiza\GIMP_CD1800_EXPEDICAO"
IMP_1800_CTE_NF1;"magazineluiza\GIMP_CD1800_EXPEDICAO"
IMP_1800_CTE_ETQ_01;"magazineluiza\GIMP_CD1800_EXPEDICAO"
IMP_1800_FAT_REL_01;"magazineluiza\GIMP_CD1800_FATURAMENTO"
IMP_1800_FAT_NF1;"magazineluiza\GIMP_CD1800_FATURAMENTO"
IMP_1800_FAT_REL_02;"magazineluiza\GIMP_CD1800_FATURAMENTO"
IMP_1800_FAT_NF2;"magazineluiza\GIMP_CD1800_FATURAMENTO"
IMP_1800_FAT_REL_03;"magazineluiza\GIMP_CD1800_FATURAMENTO"
IMP_1800_FAT_NF3;"magazineluiza\GIMP_CD1800_FATURAMENTO"
IMP_1800_FAT_REL_04;"magazineluiza\GIMP_CD1800_FATURAMENTO"
IMP_1800_FAT_NF4;"magazineluiza\GIMP_CD1800_FATURAMENTO"
IMP_1800_ADM_REL_01;"magazineluiza\GIMP_CD1800_NOTEBOOKS"
IMP_1800_REC_NF1;"magazineluiza\GIMP_CD1800_NOTEBOOKS"
IMP_1800_FAT_NF1;"magazineluiza\GIMP_CD1800_NOTEBOOKS"
IMP_1800_REC_REL_01;"magazineluiza\GIMP_CD1800_RECEBIMENTO"
IMP_1800_REC_NF1;"magazineluiza\GIMP_CD1800_RECEBIMENTO"
IMP_1800_TI_REL_01;"magazineluiza\GIMP_CD1800_SEGURANCA"