"Faturamento";"HostName"
"Nao";"IMP_032_APOIO1"
"Sim";"IMP_045_APOIO1"
"Sim";"IMP_144_APOIO1"
"Nao";"IMP_151_APOIO1"
"Sim";"IMP_156_APOIO1"
"Nao";"IMP_169_APOIO1"
"Sim";"IMP_169_ELETRO1"
"Nao";"IMP_169_CINEFOTO1"
"Nao";"IMP_172_APOIO1"
"Nao";"IMP_268_APOIO1"
"Nao";"IMP_277_APOIO1"
"Nao";"IMP_451_APOIO1"
"Nao";"IMP_498_APOIO1"
"Nao";"IMP_498_APOIO2"
"Sim";"IMP_498_MOVEIS1"
"Sim";"IMP_560_APOIO1"
"Nao";"IMP_636_APOIO1"
"Nao";"IMP_983_APOIO1"
"Nao";"IMP_749_ELETRO1"
"Nao";"IMP_867_MOVEIS1"
